model,family,benchmark,n_variables,n_samples,rmse,mae,r2,train_time,inference_time,expression_complexity,n_library_features,n_active_terms,true_equation,extracted_equation,success,error
GPLearn,Keijzer,1,1,1000,0.012587484585279538,0.010577086079432575,0.9872493415382148,16.201690541987773,9.8082993645221e-05,21,21,15,0.3*x*sin(2*pi*x),"mul(mul(sub(sin(-0.715), sin(log(X0))), cos(tan(sin(mul(tan(X0), X0))))), sqrt(sin(mul(tan(X0), X0))))",True,
GPLearn,Keijzer,2,1,1000,0.017090270699533516,0.00902925549452285,0.9937123668886562,8.82039716700092,0.00010295800166204572,28,28,18,x**2*(sin(x)**2*cos(x) - 1)*exp(-x)*sin(x)*cos(x),"sin(mul(mul(neg(div(sub(abs(log(cos(X0))), X0), sub(-3.214, X0))), sqrt(tan(X0))), sqrt(sub(abs(mul(div(X0, -4.284), mul(X0, X0))), X0))))",True,
GPLearn,Nguyen,1,1,1000,0.02182229011085448,0.009025334085142977,0.9994245477524765,12.81983254197985,0.00011329201515763998,29,29,20,x**3 + x**2 + x,"add(mul(mul(cos(-3.591), sin(sub(tan(X0), mul(cos(-3.591), sin(sin(sub(tan(X0), log(cos(X0))))))))), div(neg(tan(X0)), sub(1.775, X0))), tan(X0))",True,
GPLearn,Nguyen,2,1,1000,0.0492350743255525,0.03917526960699419,0.9975036349452636,15.320897792000324,8.133298251777887e-05,8,8,4,x**4 + x**3 + x**2 + x,"mul(add(mul(X0, 1.262), 1.262), tan(X0))",True,
GPLearn,Nguyen,3,1,1000,0.07783723657175079,0.049633217865364274,0.9958221661175185,15.989932583004702,8.579099085181952e-05,12,12,7,x**5 + x**4 + x**3 + x**2 + x,"div(mul(mul(add(X0, 1.262), tan(X0)), sqrt(X0)), cos(0.787))",True,
GPLearn,Nguyen,4,1,1000,0.0232985906930447,0.018118002669328424,0.9993680253017376,15.761929541011341,9.416596731171012e-05,20,20,13,sin(x) + sin(x**2 + x),"div(add(mul(sin(X0), sin(sin(mul(X0, sqrt(1.949))))), add(X0, sin(mul(X0, 1.949)))), abs(sqrt(1.949)))",True,
GPLearn,Vladislavleva,1,2,1000,0.13203792488651653,0.0653891283958353,0.46442697532084853,15.886581290978938,9.029201464727521e-05,13,13,7,exp(-(x - 1)**2)/((y - 2.5)**2 + 1.2),"div(inv(add(sub(3.879, 2.710), X0)), add(inv(X0), mul(X0, X0)))",True,
GPLearn,Vladislavleva,4,2,1000,0.32741931689461606,0.2663753926753998,0.35753345489501953,15.388441959046759,8.629204239696264e-05,7,7,6,10/((x - 3)**2 + (y - 3)**2 + 5),tan(sin(tan(sin(sin(sqrt(X0)))))),True,
NeuralSR,Keijzer,1,1,1000,0.013590147450380901,0.008407984860241413,0.9851371049880981,2.2273445420432836,0.01573374995496124,5,12,5,0.3*x*sin(2*pi*x),0.0604486130177975*sqrt(x0) + 0.125169008970261*x0**3 - 0.191872477531433*log(x0 + 1) + 0.169369503855705*cos(x0) - 0.00155820860527456/x0**2,True,
NeuralSR,Keijzer,2,1,1000,0.016506319814747955,0.006460273172706366,0.9941347241401672,1.9471680419519544,0.015040041995234787,5,12,5,x**2*(sin(x)**2*cos(x) - 1)*exp(-x)*sin(x)*cos(x),-0.126265242695808*x0**3 + 0.10523446649313*x0**2 - 0.0501649342477322*x0 - 0.0151875438168645*log(x0 + 1) - 0.0167058557271957*Abs(x0),True,
NeuralSR,Nguyen,1,1,1000,0.05116049661877744,0.03666433319449425,0.9968371391296387,1.8575850000488572,0.018565708014648408,5,12,5,x**3 + x**2 + x,0.30567193031311*x0**3 + 0.103817664086819*x0**2 + 0.658440351486206*exp(x0) - 0.022706089541316*cos(x0) + 0.0087109487503767*Abs(x0),True,
NeuralSR,Nguyen,2,1,1000,0.05338369731150256,0.032610878348350525,0.9970651865005493,2.1916314580012113,0.015058332995977253,6,12,6,x**4 + x**3 + x**2 + x,0.359923362731934*x0**3 + 0.506621479988098*x0**2 + 0.70702189207077*exp(x0) - 0.108290687203407*log(x0 + 1) - 0.177412390708923*Abs(x0) - 0.00216682977043092/x0**2,True,
NeuralSR,Nguyen,3,1,1000,0.07303137640315728,0.036652740091085434,0.9963221549987793,3.507579166966025,0.01565495802788064,7,12,7,x**5 + x**4 + x**3 + x**2 + x,0.198562562465668*sqrt(x0) + 0.849131226539612*x0**3 + 0.755255222320557*x0**2 + 0.214322909712791*exp(x0) - 0.0107980687171221*log(x0 + 1) - 0.331904619932175*Abs(x0) - 0.00127097952645272/x0,True,
NeuralSR,Nguyen,4,1,1000,0.02324379656935881,0.017827963456511497,0.9993709921836853,2.1752066250192,0.015393124951515347,6,12,6,sin(x) + sin(x**2 + x),-0.134768292307854*x0**3 + 0.776152849197388*sin(x0) - 0.0198102761059999*cos(x0) + 0.289460927248001*tanh(x0) + 0.140492796897888*Abs(x0) + 0.00197912799194455/x0**2,True,
NeuralSR,Vladislavleva,1,2,1000,0.02559710301766708,0.014948565512895584,0.9798718690872192,3.5534027499961667,0.029352125013247132,22,90,22,exp(-(x - 1)**2)/((y - 2.5)**2 + 1.2),-0.0231337007135153*x0**3*tanh(x1) - 0.019668897613883*x0**2 - 0.0779943019151688*x0*sin(x1) + 0.0519757308065891*x0*cos(x1) - 0.0936095640063286*x0 - 0.0390898324549198*x1**3*cos(x0) - 0.0066046086139977*x1**2*sin(x0) + 0.00252075889147818*x1 - 0.0217626914381981*exp(x0)*tanh(x1) + 0.0153020471334457*log(x1 + 1) - 0.0217216461896896*sin(x0)*cos(x1) + 0.120066292583942*sin(x1) + 0.124907195568085*cos(x0)*tanh(x1) + 0.0161396730691195*cos(x0) - 0.0967948734760284*cos(x1) + 0.0767112597823143*tanh(x0) - 0.00494181411340833*Abs(x0) + 0.00304841017350554*Abs(x1) + 0.000612879637628794*cos(x0)/x1 + 0.0117716435343027*exp(x1)/x0 - 0.0107123190537095*tanh(x1)/x0 + 0.00280758319422603/x0**2,True,
NeuralSR,Vladislavleva,4,2,1000,0.04008094701907491,0.030004775151610374,0.9903724193572998,2.493493416986894,0.02896104200044647,15,90,15,10/((x - 3)**2 + (y - 3)**2 + 5),-0.00587466266006231*x0**3/x1 - 0.00866321846842766*x0*cos(x1) + 0.218812018632889*x1**3*cos(x0) - 0.00733867241069674*exp(x0) - 0.00260919611901045*exp(x1)*sin(x0) - 0.00583559554070234*exp(x1) - 0.417376637458801*log(x1 + 1)*cos(x0) - 0.0191970560699701*sin(x0)*cos(x1) + 0.031440231949091*sin(x0) + 0.0319851972162724*sin(x1) - 0.229378506541252*cos(x1) + 0.00359967001713812*tanh(x1) - 0.00396054936572909*cos(x0)/x1 - 0.0040404717437923*exp(x1)/x0 - 0.00217019976116717/x0,True,
PySR,Keijzer,1,1,1000,1.4498361784997356e-07,1.0683608707040549e-07,0.9999999999983085,40.22598074999405,0.0013134590117260814,18,18,13,0.3*x*sin(2*pi*x),cos(cos(x0*0.01775062*x0)/(-0.1593067))*(-0.30000588)*x0*sin(x0*(-6.283183)),True,
PySR,Keijzer,2,1,1000,0.001796708715500679,0.0012625487375427724,0.9999305064243752,30.407870792027097,0.0016702919965609908,17,17,12,x**2*(sin(x)**2*cos(x) - 1)*exp(-x)*sin(x)*cos(x),x0*x0*(-1*(-0.074938215) + (sin(x0) + 0.052057717)/(x0 - exp(x0/0.5517741))),True,
PySR,Nguyen,1,1,1000,6.114316233271737e-08,2.88267619907856e-08,0.9999999999999954,24.13150558405323,0.0017433330067433417,9,9,4,x**3 + x**2 + x,x0*x0*(x0 + 1.0) + x0,True,
PySR,Nguyen,2,1,1000,7.48037717970929e-08,3.162771463394165e-08,0.9999999999999942,18.615563291008584,0.0013936670147813857,11,11,5,x**4 + x**3 + x**2 + x,(x0 + 1.0)*(x0*x0*x0 + x0),True,
PySR,Nguyen,3,1,1000,9.38129936537784e-08,3.505731001496315e-08,0.9999999999999939,20.49537533300463,0.0013701670104637742,15,15,7,x**5 + x**4 + x**3 + x**2 + x,x0 + (x0 + x0*x0)*(x0*x0*x0 + x0),True,
PySR,Nguyen,4,1,1000,3.990415654887747e-08,1.822132617235184e-08,0.9999999999999981,40.075864790997,0.002476499998010695,9,9,5,sin(x) + sin(x**2 + x),sin(x0) + sin(x0*x0 + x0),True,
PySR,Vladislavleva,1,2,1000,0.011394024384574904,0.007414994892742754,0.9960118121767363,61.98714120796649,0.0017468329751864076,23,23,18,exp(-(x - 1)**2)/((y - 2.5)**2 + 1.2),exp(-x0 + cos((x1 - 1*2.49303)*1.0410876))*sin(x0*0.90999514 - 1*(-0.2696457))*sin(exp(cos(x0*0.73055685))),True,
PySR,Vladislavleva,4,2,1000,0.013795890370409417,0.010796012133359909,0.9988593789543163,59.057823207986075,0.003163499990478158,27,27,20,10/((x - 3)**2 + (y - 3)**2 + 5),(1.3588318 + cos(x0 + 0.14044315)*(-0.98579025))*(cos(cos(x1*0.52360624)) - 1*0.3923137) - 1*(-0.538387) - 0.018699843/(1.1206077 - cos(-x1 - 0.16183108)),True,
