Experiment,Benchmark,RMSE,MAE,R2,Train_Time,Inference_Time,Library_Size,Active_Terms,Expression_Complexity,Equation
Full NSR,Nguyen-1,0.029008079719828044,0.0201785359531641,0.9991306662559509,3.8978078750005807,0.018541500001447275,12,5,5,0.311032027006149*x0**3 + 0.105015389621258*x0**2 + 0.662189126014709*exp(x0) - 0.0222095753997564*cos(x0) + 0.00901423674076796*Abs(x0)
Full NSR,Nguyen-2,0.03276974782304889,0.01879049651324749,0.9990901350975037,2.218133417001809,0.015225750001263805,12,6,6,0.354211091995239*x0**3 + 0.531444251537323*x0**2 + 0.699033677577972*exp(x0) - 0.08621995896101*log(x0 + 1) - 0.188752859830856*Abs(x0) - 0.00192672037519515/x0**2
Full NSR,Nguyen-3,0.019490700590492592,0.013597921468317509,0.999786376953125,3.935636083006102,0.01557741600117879,12,7,7,0.215991377830505*sqrt(x0) + 0.873762369155884*x0**3 + 0.768382012844086*x0**2 + 0.190682664513588*exp(x0) - 0.0126976603642106*log(x0 + 1) - 0.342393755912781*Abs(x0) - 0.00211922079324722/x0
Full NSR,Nguyen-4,0.0167855921404176,0.012175126932561398,0.9996992349624634,4.12752829099918,0.01575970800331561,12,6,6,-0.136453732848167*x0**3 + 0.80009001493454*sin(x0) - 0.0182300508022308*cos(x0) + 0.276087999343872*tanh(x0) + 0.143467739224434*Abs(x0) + 0.00160753063391894/x0**2
Full NSR,Keijzer-1,0.006236355713022549,0.0050482903607189655,0.9968696236610413,4.0763912920010625,0.015705999998317566,12,5,5,0.0489661879837513*sqrt(x0) + 0.10209633409977*x0**3 - 0.159334316849709*log(x0 + 1) + 0.154706135392189*cos(x0) - 0.00142988213337958/x0**2
Full NSR,Keijzer-2,0.007973493419633014,0.006522702984511852,0.99864262342453,4.076275333005469,0.015436249996128026,12,5,5,-0.130383476614952*x0**3 + 0.108274415135384*x0**2 - 0.0555856935679913*x0 - 0.00862529128789902*log(x0 + 1) - 0.0171304270625114*Abs(x0)
Full NSR,Vladislavleva-1,0.0066257102232135665,0.00477115623652935,0.9985437989234924,4.567785874998663,0.02925254100409802,90,22,22,-0.0407212972640991*x0**3*tanh(x1) - 0.0460250377655029*x0**2 - 0.0689582601189613*x0*sin(x1) + 0.0540703609585762*x0*cos(x1) - 0.106837086379528*x0 - 0.0386359728872776*x1**3*cos(x0) + 0.000900109647773206*x1 + 0.00655822549015284*exp(x1)*sin(x0) + 0.00959398504346609*exp(x1) + 0.00317164254374802*log(x1 + 1)*tanh(x0) - 0.0283180475234985*sin(x0)*cos(x1) - 0.0275770630687475*sin(x0)*Abs(x1) + 0.107420690357685*sin(x1) + 0.115378744900227*cos(x0)*tanh(x1) + 0.0423848778009415*cos(x0) - 0.107058599591255*cos(x1) + 0.111602023243904*tanh(x0) + 0.00153508619405329*Abs(x1) + 0.00115630414802581*sin(x0)/x1 + 0.0033060593996197*cos(x0)/x1 + 0.0101123293861747*exp(x1)/x0 - 0.00743413669988513*tanh(x1)/x0
Full NSR,Vladislavleva-4,0.021688846342838755,0.016414431855082512,0.9968674778938293,4.327629167004488,0.030334167000546586,90,17,17,-0.000671962217893451*x0**3/x1 - 0.00770331779494882*x0*cos(x1) + 0.21970123052597*x1**3*cos(x0) - 0.000371163099771366*exp(x0)*log(x1 + 1) - 0.0124793509021401*exp(x0) - 0.0131360776722431*exp(x1) - 0.418921738862991*log(x1 + 1)*cos(x0) - 0.0178085211664438*sin(x0)*cos(x1) + 0.00307188276201487*sin(x0)*tanh(x1) + 0.0295724906027317*sin(x0) + 0.0314750969409943*sin(x1) - 0.226731285452843*cos(x1) + 0.00673113018274307*tanh(x0) + 0.0112250056117773*tanh(x1) - 0.0050849518738687*cos(x0)/x1 - 0.000980002456344664*Abs(x1)/x0 - 0.00128050299827009/x0
Reduced Function Library,Nguyen-1,0.032374929140355835,0.02304210513830185,0.9989171624183655,3.03930450000189,0.015599165999446996,3,3,3,3.26057720184326*x0 - 2.33211278915405*sin(x0) - 0.295598655939102*cos(x0)
Reduced Function Library,Nguyen-2,0.018831814738524303,0.016596706584095955,0.9996995329856873,3.2605644590003067,0.015385083002911415,3,3,3,3.27177691459656*x0 - 2.34282946586609*sin(x0) - 0.547167420387268*cos(x0)
Reduced Function Library,Nguyen-3,0.032201235022904916,0.014732406474649906,0.9994169473648071,3.024214084005507,0.015391207998618484,3,3,3,7.25708675384521*x0 - 6.08441400527954*sin(x0) - 0.547622203826904*cos(x0)
Reduced Function Library,Nguyen-4,0.03726491361864731,0.02956986241042614,0.9985175728797913,4.102986124999006,0.015433500004292,3,3,3,-0.551368713378906*x0 + 1.50424301624298*sin(x0) - 0.157665327191353*cos(x0)
Reduced Function Library,Keijzer-1,0.005394685846339486,0.004642395302653313,0.9976575970649719,4.0759099169954425,0.01541449999785982,3,2,2,0.000845897651743144*sin(x0) + 0.0826386138796806*cos(x0)
Reduced Function Library,Keijzer-2,0.01997016134203386,0.013711676932871342,0.9914853572845459,3.996399832998577,0.015486332995351404,3,3,3,-0.376008361577988*x0 + 0.193343043327332*sin(x0) - 0.0944558829069138*cos(x0)
Reduced Function Library,Vladislavleva-1,0.008725798345589052,0.006638222839683294,0.9974744319915771,4.271366749999288,0.029629707998537924,9,9,9,-0.0686894208192825*x0*sin(x1) + 0.0731453001499176*x0*cos(x1) - 0.058527447283268*x0 + 0.00908826198428869*x1 - 0.019480025395751*sin(x0)*cos(x1) + 0.0498548038303852*sin(x0) + 0.102930940687656*sin(x1) + 0.0537217743694782*cos(x0) - 0.111381128430367*cos(x1)
Reduced Function Library,Vladislavleva-4,0.018071568563444256,0.015069311484694481,0.9978252053260803,4.19021341700136,0.028788750001695007,9,9,9,0.00118776003364474*x0*sin(x1) - 0.0570137239992619*x0*cos(x1) - 0.00849115010350943*x0 - 0.00173009058926255*x1 - 0.0397900454699993*sin(x0)*cos(x1) + 0.0338237844407558*sin(x0) + 0.03141999989748*sin(x1) - 0.256683140993118*cos(x0) - 0.196315780282021*cos(x1)
No Interaction Terms,Nguyen-1,0.029507503732374242,0.02143319696187973,0.9991005063056946,4.017074167000828,0.015971250002621673,12,5,5,0.311032027006149*x0**3 + 0.105015389621258*x0**2 + 0.662189126014709*exp(x0) - 0.0222095753997564*cos(x0) + 0.00901423674076796*Abs(x0)
No Interaction Terms,Nguyen-2,0.025075554346452162,0.013909469358623028,0.9994672536849976,2.368681749998359,0.015535792001173832,12,6,6,0.354211091995239*x0**3 + 0.531444251537323*x0**2 + 0.699033677577972*exp(x0) - 0.08621995896101*log(x0 + 1) - 0.188752859830856*Abs(x0) - 0.00192672037519515/x0**2
No Interaction Terms,Nguyen-3,0.02696665591801735,0.01436688844114542,0.999591052532196,2.6901539160026005,0.015477082997676916,12,7,7,0.215991377830505*sqrt(x0) + 0.873762369155884*x0**3 + 0.768382012844086*x0**2 + 0.190682664513588*exp(x0) - 0.0126976603642106*log(x0 + 1) - 0.342393755912781*Abs(x0) - 0.00211922079324722/x0
No Interaction Terms,Nguyen-4,0.030404993285381255,0.020741160959005356,0.9990131258964539,4.2258597089967225,0.015724166994914412,12,6,6,-0.136453732848167*x0**3 + 0.80009001493454*sin(x0) - 0.0182300508022308*cos(x0) + 0.276087999343872*tanh(x0) + 0.143467739224434*Abs(x0) + 0.00160753063391894/x0**2
No Interaction Terms,Keijzer-1,0.008316303826444292,0.0061312224715948105,0.9944333434104919,4.094726957999228,0.015380625001853332,12,5,5,0.0489661879837513*sqrt(x0) + 0.10209633409977*x0**3 - 0.159334316849709*log(x0 + 1) + 0.154706135392189*cos(x0) - 0.00142988213337958/x0**2
No Interaction Terms,Keijzer-2,0.013842844689570996,0.01075722649693489,0.995908796787262,4.081156583000848,0.015513584003201686,12,5,5,-0.130383476614952*x0**3 + 0.108274415135384*x0**2 - 0.0555856935679913*x0 - 0.00862529128789902*log(x0 + 1) - 0.0171304270625114*Abs(x0)
No Interaction Terms,Vladislavleva-1,0.011310577392578125,0.008284700103104115,0.9957565069198608,4.382230750001327,0.015900250000413507,24,9,9,-0.069561243057251*x0**3 - 0.0879457741975784*x0**2 + 0.0115488851442933*exp(x1) + 0.0445240922272205*sin(x1) + 0.133414089679718*cos(x0) - 0.0567034631967545*cos(x1) + 0.076178640127182*tanh(x0) - 0.000605092733167112*tanh(x1) - 0.000827044423203915/x1**2
No Interaction Terms,Vladislavleva-4,0.017199389994226013,0.011568142101168633,0.9980300664901733,4.573271290995763,0.015840833002584986,24,10,10,-0.0211053006350994*exp(x0) - 0.0170432850718498*exp(x1) + 0.0337879471480846*sin(x0) + 0.0280865207314491*sin(x1) - 0.239747270941734*cos(x0) - 0.232762962579727*cos(x1) + 0.0141740748658776*tanh(x0) + 0.0128760896623135*tanh(x1) + 0.00507087679579854/x1**2 - 0.00511654326692224/x0**2
First Order Library,Nguyen-1,0.0200449060205183,0.016985487192869186,0.9995849132537842,2.9814671659987653,0.06676895800046623,12,5,5,0.311032027006149*x0**3 + 0.105015389621258*x0**2 + 0.662189126014709*exp(x0) - 0.0222095753997564*cos(x0) + 0.00901423674076796*Abs(x0)
First Order Library,Nguyen-2,0.017631772583145418,0.009196321479976177,0.9997366070747375,2.5761035420000553,0.01542966699344106,12,6,6,0.354211091995239*x0**3 + 0.531444251537323*x0**2 + 0.699033677577972*exp(x0) - 0.08621995896101*log(x0 + 1) - 0.188752859830856*Abs(x0) - 0.00192672037519515/x0**2
First Order Library,Nguyen-3,0.035216650469529966,0.02450644038617611,0.9993026256561279,3.2372507079999195,0.015584541994030587,12,7,7,0.215991377830505*sqrt(x0) + 0.873762369155884*x0**3 + 0.768382012844086*x0**2 + 0.190682664513588*exp(x0) - 0.0126976603642106*log(x0 + 1) - 0.342393755912781*Abs(x0) - 0.00211922079324722/x0
First Order Library,Nguyen-4,0.011432343492606797,0.008355636149644852,0.9998604655265808,4.223979541995504,0.01590679199580336,12,6,6,-0.136453732848167*x0**3 + 0.80009001493454*sin(x0) - 0.0182300508022308*cos(x0) + 0.276087999343872*tanh(x0) + 0.143467739224434*Abs(x0) + 0.00160753063391894/x0**2
First Order Library,Keijzer-1,0.008168206212108616,0.006664419546723366,0.9946298599243164,4.074103959006607,0.015646916996047366,12,5,5,0.0489661879837513*sqrt(x0) + 0.10209633409977*x0**3 - 0.159334316849709*log(x0 + 1) + 0.154706135392189*cos(x0) - 0.00142988213337958/x0**2
First Order Library,Keijzer-2,0.015193568557252308,0.009545690380036831,0.9950714111328125,4.0590242499965825,0.015575334000459407,12,5,5,-0.130383476614952*x0**3 + 0.108274415135384*x0**2 - 0.0555856935679913*x0 - 0.00862529128789902*log(x0 + 1) - 0.0171304270625114*Abs(x0)
First Order Library,Vladislavleva-1,0.00745035499231187,0.0046670520678162575,0.9981587529182434,4.350497457999154,0.0161882499960484,24,9,9,-0.069561243057251*x0**3 - 0.0879457741975784*x0**2 + 0.0115488851442933*exp(x1) + 0.0445240922272205*sin(x1) + 0.133414089679718*cos(x0) - 0.0567034631967545*cos(x1) + 0.076178640127182*tanh(x0) - 0.000605092733167112*tanh(x1) - 0.000827044423203915/x1**2
First Order Library,Vladislavleva-4,0.03720231871159774,0.03312323987483978,0.9907835721969604,4.4303439170034835,0.016177416997379623,24,10,10,-0.0211053006350994*exp(x0) - 0.0170432850718498*exp(x1) + 0.0337879471480846*sin(x0) + 0.0280865207314491*sin(x1) - 0.239747270941734*cos(x0) - 0.232762962579727*cos(x1) + 0.0141740748658776*tanh(x0) + 0.0128760896623135*tanh(x1) + 0.00507087679579854/x1**2 - 0.00511654326692224/x0**2
ElasticNet Sparse Recovery,Nguyen-1,0.014727419770867275,0.007966720499098301,0.9997759461402893,1.7664777079990017,0.015418041999510024,12,7,7,0.0088069960474968*sqrt(x0) + 0.337295383214951*x0**3 + 0.101868219673634*x0**2 + 0.027853773906827*x0 + 0.526477336883545*exp(x0) + 0.0721848607063293*sin(x0) - 0.0645429491996765*cos(x0)
ElasticNet Sparse Recovery,Nguyen-2,0.02846124334783563,0.012114182114601135,0.9993136525154114,2.502186249999795,0.015483167000638787,12,7,7,0.0303764082491398*sqrt(x0) + 0.375175029039383*x0**3 + 0.549172639846802*x0**2 + 0.656868815422058*exp(x0) - 0.0937279239296913*log(x0 + 1) - 0.208278432488441*Abs(x0) - 0.00213460042141378/x0**2
ElasticNet Sparse Recovery,Nguyen-3,0.03866250612219627,0.022653480991721153,0.9991594552993774,3.188996249999036,0.01609166600246681,12,7,7,0.220545753836632*sqrt(x0) + 0.878134489059448*x0**3 + 0.768770337104797*x0**2 + 0.18842725455761*exp(x0) - 0.019397035241127*log(x0 + 1) - 0.346065849065781*Abs(x0) - 0.00254693068563938/x0
ElasticNet Sparse Recovery,Nguyen-4,0.027464264719673757,0.023120583966374397,0.9991948008537292,4.234083249997639,0.015729500002635177,12,8,8,-0.138318702578545*x0**3 + 0.0747328698635101*x0 + 0.586729168891907*sin(x0) - 0.0188909042626619*cos(x0) + 0.416682958602905*tanh(x0) + 0.143114656209946*Abs(x0) - 0.000249146221904084/x0 + 0.00207055662758648/x0**2
ElasticNet Sparse Recovery,Keijzer-1,0.006311039641007946,0.004889008589088917,0.9967942237854004,4.111118833003275,0.015857834005146287,12,5,5,0.0534239932894707*sqrt(x0) + 0.110072292387486*x0**3 - 0.172105312347412*log(x0 + 1) + 0.160892069339752*cos(x0) - 0.00171357800718397/x0**2
ElasticNet Sparse Recovery,Keijzer-2,0.012923723119907546,0.009949334897100925,0.9964340329170227,4.097754249996797,0.015538125000603031,12,7,7,-0.134046539664268*x0**3 + 0.121900498867035*x0**2 - 0.0574946217238903*x0 - 0.00223362701945007*log(x0 + 1) - 0.00053776556160301*sin(x0) - 0.0285187363624573*Abs(x0) + 9.029550710693e-5/x0
ElasticNet Sparse Recovery,Vladislavleva-1,0.009654032999159418,0.004805732984095812,0.9969084858894348,4.669997665994742,0.029899458000727464,90,24,24,-0.0444508567452431*x0**2*tanh(x1) - 0.0693368539214134*x0*sin(x1) + 0.0599169507622719*x0*cos(x1) - 0.109448425471783*x0 - 0.0183736123144627*sqrt(x1)*sin(x0) - 0.0443376041948795*x1**3*cos(x0) + 0.00500831520184875*x1**3 + 0.0208864845335484*exp(x1)*sin(x0) + 0.00699869217351079*exp(x1) + 0.0182454772293568*log(x1 + 1)*cos(x0) + 0.00872626528143883*log(x1 + 1)*tanh(x0) - 0.0326543711125851*sin(x0)*cos(x1) - 0.038324099034071*sin(x0)*Abs(x1) + 0.111405566334724*sin(x1) + 0.0950832217931747*cos(x0)*tanh(x1) + 0.0433200038969517*cos(x0) - 0.113921798765659*cos(x1) + 0.131602123379707*tanh(x0) - 0.0684899911284447*Abs(x0) + 0.00122211733832955*sin(x0)/x1 + 0.0035759846214205*cos(x0)/x1 + 0.0132450917735696*exp(x1)/x0 - 0.00555978110060096*tanh(x1)/x0 - 0.00317252613604069*Abs(x1)/x0
ElasticNet Sparse Recovery,Vladislavleva-4,0.01682520912070651,0.01233254186809063,0.9981148838996887,4.496283333006431,0.029661583997949492,90,20,20,-0.000786656804848462*x0**3/x1 - 0.00903398264199495*x0*cos(x1) + 0.286710351705551*x1**3*cos(x0) - 5.8474121033214e-5*exp(x0)*log(x1 + 1) - 0.0141458064317703*exp(x0) - 0.0334726274013519*exp(x1)*cos(x0) - 0.0142500549554825*exp(x1) - 0.359110802412033*log(x1 + 1)*cos(x0) - 0.0188948400318623*sin(x0)*cos(x1) + 0.00219526723958552*sin(x0)*tanh(x1) + 0.0300873555243015*sin(x0) + 0.031532421708107*sin(x1) - 0.0910819917917252*cos(x0)*Abs(x1) - 0.224840626120567*cos(x1) + 0.00833344459533691*tanh(x0) + 0.0121572259813547*tanh(x1) - 0.00522837182506919*cos(x0)/x1 - 3.96576724597253e-5*exp(x1)/x0 - 0.000635454198345542*Abs(x1)/x0 - 0.00156596477609128/x0
